,plant_name,CEMS,meanEmission,withData,noData
0,ACC Limited,CEMS-1,14.696644848342753,671,49
1,ACC Limited,CEMS-2,26.292219806941183,512,208
2,ACC Limited,CEMS-3,8.368519473241893,673,47
3,ACC Limited,CEMS-4,15.450835407455088,611,109
4,Aarti Steels Ltd,CEMS-1,36.6929038961039,567,153
5,Aarti Steels Ltd,CEMS-2,53.854803243501166,567,153
6,Aarti Steels Ltd,CEMS-3,32.94723154362416,305,415
7,Aarti Steels Ltd,CEMS-4,37.7071501532176,282,438
8,Aarti Steels Ltd,CEMS-5,90.38089395267323,295,425
9,Aarti Steels Ltd,CEMS-6,41.39752780153982,296,424
10,Aarti Steels Ltd,CEMS-7,28.98509190737641,566,154
11,Adhunik Metaliks Ltd.,CEMS-8,32.24717948717938,47,673
12,Adhunik Metaliks Ltd.,CEMS-9,33.12032955715736,47,673
13,Aditya Aluminium (A Unit of Hindalco Industries Limited),CEMS-1,47.17309950102776,667,53
14,Aditya Aluminium (A Unit of Hindalco Industries Limited),CEMS-10,46.713101088647484,668,52
15,Aditya Aluminium (A Unit of Hindalco Industries Limited),CEMS-2,49.56439425051364,666,54
16,Aditya Aluminium (A Unit of Hindalco Industries Limited),CEMS-3,42.51612479474574,522,198
17,Aditya Aluminium (A Unit of Hindalco Industries Limited),CEMS-4,47.67327428677999,471,249
18,Aditya Aluminium (A Unit of Hindalco Industries Limited),CEMS-5,1.1309745464772898,663,57
19,Aditya Aluminium (A Unit of Hindalco Industries Limited),CEMS-6,1.496831951986278,667,53
20,Aditya Aluminium (A Unit of Hindalco Industries Limited),CEMS-7,2.2500084116080084,669,51
21,Aditya Aluminium (A Unit of Hindalco Industries Limited),CEMS-8,3.2470931730356307,662,58
22,Aditya Aluminium (A Unit of Hindalco Industries Limited),CEMS-9,44.203352307380534,559,161
23,Aditya Kraft & Papers Pvt. Ltd.,CEMS-1,26.514672923744396,326,394
24,Agrasen Sponge Private Limited,CEMS-1,1.1464468354948238,481,239
25,Agrasen Sponge Private Limited,CEMS-2,8.32315410131455,481,239
26,Aryan Ispat and Power Pvt Ltd,CEMS-1,19.7635283551449,270,450
27,BRG Iron and Steel Co. Pvt. Ltd.,CEMS-2,113.46319106429317,588,132
28,BRG Iron and Steel Co. Pvt. Ltd.,CEMS-3,49.88819250949862,592,128
29,Bhagawati Steels Pvt. Ltd.,CEMS-1,26.476284769500122,542,178
30,Bhaskar Steel and Ferro Alloy Limited,CEMS-1,35.33180497303774,666,54
31,Bhubaneshwar Power Pvt. Ltd.,CEMS-1,33.00716081718171,557,163
32,Bhubaneshwar Power Pvt. Ltd.,CEMS-2,33.56944372574386,558,162
33,Bhushan Energy Limited,CEMS-1,4.896845730027679,399,321
34,Bhushan Energy Limited,CEMS-2,23.946321263482297,588,132
35,Bhushan Energy Limited,CEMS-3,39.99116056338023,588,132
36,Bhushan Power and Steel Limited,CEMS-12,17.62835570314993,667,53
37,Bhushan Power and Steel Limited,CEMS-13,17.628559431524263,667,53
38,Bhushan Power and Steel Limited,CEMS-14,47.289177598385585,496,224
39,Bhushan Power and Steel Limited,CEMS-15,39.21234169035935,497,223
40,Bhushan Power and Steel Limited,CEMS-16,15.251172180255384,497,223
41,Bhushan Power and Steel Limited,CEMS-17,40.951300792864416,503,217
42,Bhushan Power and Steel Limited,CEMS-19,26.641393755466932,667,53
43,Bhushan Power and Steel Limited,CEMS-20,17.628338790757443,667,53
44,Bhushan Power and Steel Limited,CEMS-21,40.77228387984408,528,192
45,Bhushan Power and Steel Limited,CEMS-22,32.27531250000001,6,714
46,Bhushan Power and Steel Limited,CEMS-23,20.857921064708226,670,50
47,Bhushan Power and Steel Limited,CEMS-24,29.763255893674053,670,50
48,Bhushan Power and Steel Limited,CEMS-25,39.21284237726107,497,223
49,Bhushan Power and Steel Limited,CEMS-26,15.251172180255384,497,223
50,Bhushan Power and Steel Limited,CEMS-27,54.00591826563642,502,218
51,Bhushan Power and Steel Limited,CEMS-28,54.00591826563642,502,218
52,Bhushan Power and Steel Limited,CEMS-29,54.00591826563642,502,218
53,Bhushan Power and Steel Limited,CEMS-30,40.94345638432385,498,222
54,Bhushan Power and Steel Limited,CEMS-31,35.638391304348154,497,223
55,Bhushan Power and Steel Limited,CEMS-32,54.00538135593194,502,218
56,Bhushan Power and Steel Limited,CPP130MWU-1,40.951300792864416,503,217
57,Bhushan Power and Steel Limited,CPP130MWU-2,54.00591826563642,502,218
58,Bhushan Power and Steel Limited,CPP40MW,37.5,1,719
59,Bhushan Power and Steel Limited,CPPUNIT-3,30.26903654485057,431,289
60,Bhushan Power and Steel Limited,DRI-5,47.289177598385585,496,224
61,Bhushan Power and Steel Limited,DRI-6,38.861116127414114,500,220
62,Bhushan Power and Steel Limited,DRI-7,39.21234169035935,497,223
63,Bhushan Power and Steel Limited,DRI-8,15.24927343750011,497,223
64,Bhushan Power and Steel Limited,PelletPlant,17.6298297321054,667,53
65,Bhushan Power and Steel Limited,PelletPlant-2,26.641392183914455,667,53
66,Bhushan Power and Steel Limited,WHRB-10,45.84923488905893,527,193
67,Bhushan Power and Steel Limited,WHRB-9,32.27531250000001,6,714
68,Bhushan Steel Limited,CEMS-1,47.91118604230703,589,131
69,Bhushan Steel Limited,CEMS-11,16.826528692379984,590,130
70,Bhushan Steel Limited,CEMS-12,24.225106134371934,570,150
71,Bhushan Steel Limited,CEMS-13,9.53265020874931,587,133
72,Bhushan Steel Limited,CEMS-14,81.027139489194,577,143
73,Bhushan Steel Limited,CEMS-2,19.58035274118169,377,343
74,Bhushan Steel Limited,CEMS-20,47.01641351971396,573,147
75,Bhushan Steel Limited,CEMS-21,39.29139556207591,586,134
76,Bhushan Steel Limited,CEMS-26,93.09967117988404,118,602
77,Bhushan Steel Limited,CEMS-29,169.97495481638146,593,127
78,Bhushan Steel Limited,CEMS-3,124.82303903095516,295,425
79,Bhushan Steel Limited,CEMS-30,7.012703716331488,324,396
80,Bhushan Steel Limited,CEMS-31,13.122046373112184,497,223
81,Bhushan Steel Limited,CEMS-6,2.5499981301421077,586,134
82,Bhushan Steel Limited,CEMS-7,9.798399257195895,588,132
83,Birla Tyres,CEMS-1,11.781922521655424,559,161
84,Birla Tyres,CEMS-2,112.54811787072246,566,154
85,Birla Tyres,CEMS-3,80.46760640841654,564,156
86,Concast Steel and Power Ltd.,CEMS-5,0.15615953835709817,215,505
87,Cracker India Alloys Limited,CEMS-1,35.3684552273701,510,210
88,Emmami Paper Mills Limited,CEMS-1,43.06310804144044,564,156
89,Emmami Paper Mills Limited,CEMS-2,9.417739368316346,560,160
90,Essar Power (Odisha) Ltd.,CEMS-1,36.46484269119071,565,155
91,Essar Power (Odisha) Ltd.,CEMS-2,30.97015738498789,564,156
92,Essar Steel India Limited,CEMS-1,85.37609410574244,544,176
93,FACOR Power Limited,CEMS-1,54.12334711261467,574,146
94,GMR Kamalanga Energy Ltd,CEMS-1,31.14955901505552,593,127
95,GMR Kamalanga Energy Ltd,CEMS-2,34.99539409611429,537,183
96,GMR Kamalanga Energy Ltd,CEMS-3,31.88468444382007,512,208
97,Ganesh Sponge Pvt. Ltd,CEMS-1,38.244137028098734,635,85
98,Goa Carbon Limited,CEMS-1,22.909272306505777,570,150
99,Govindam Projects Pvt Ltd,CEMS-1,75.0899072438164,631,89
100,Grewal Associates Pvt. Ltd.,CEMS-2,61.91919999999998,37,683
101,"HINDALCO Ltd., FRP Plant",CEMS-1,45.52933997885609,592,128
102,"HINDALCO Ltd., FRP Plant",CEMS-2,7.044338919925531,661,59
103,"HINDALCO Ltd., FRP Plant",CEMS-3,7.436331513932787,661,59
104,"HINDALCO Ltd.,Captive Power Plant",CEMS-2,77.4066009723812,691,29
105,"HINDALCO Ltd.,Captive Power Plant",CEMS-3,68.3340427340739,691,29
106,"HINDALCO Ltd.,Captive Power Plant",CEMS-4,67.08766771447678,692,28
107,"HINDALCO Ltd.,Captive Power Plant",CEMS-5,43.4749622299441,692,28
108,"HINDALCO Ltd.,Smelter Plant",CEMS-1,4.149794855609916,650,70
109,"HINDALCO Ltd.,Smelter Plant",CEMS-2,11.721633775477246,649,71
110,"HINDALCO Ltd.,Smelter Plant",CEMS-3,3.835638987998748,661,59
111,"HINDALCO Ltd.,Smelter Plant",CEMS-4,1.3215782627548003,664,56
112,"HINDALCO Ltd.,Smelter Plant",CEMS-5,6.131913707073677,667,53
113,Indian Farmers Fertilizer Coperative Ltd,CEMS-6,76.18605538669374,512,208
114,Indian Metal and Ferro Alloys Ltd,CEMS-5,187.5,4,716
115,Indian Metal and Ferro Alloys Ltd,CEMS-6,31.277073638105637,527,193
116,Indian Metal and Ferro Alloys Ltd (120 MW Power Plant),CEMS-1,41.4430735221873,584,136
117,Indian Metal and Ferro Alloys Ltd (120 MW Power Plant),CEMS-2,53.284696556426404,555,165
118,Indian Metal and Ferro Alloys Ltd (Charge Chrome Plant),CEMS-1,2.223113254203771,600,120
119,Indian Metal and Ferro Alloys Ltd (Charge Chrome Plant),CEMS-2,58.75031512605042,600,120
120,Indian Metal and Ferro Alloys Ltd (Charge Chrome Plant),CEMS-3,51.66311725807967,576,144
121,Indian Oil Corpation Limited,CEMS-1,12.426270906462959,569,151
122,Indian Oil Corpation Limited,CEMS-11,1.2693767004699474,493,227
123,Indian Oil Corpation Limited,CEMS-12,1.0760350654837294,469,251
124,Indian Oil Corpation Limited,CEMS-13,3.1702488335925483,569,151
125,Indian Oil Corpation Limited,CEMS-14,2.0831310818546007,570,150
126,Indian Oil Corpation Limited,CEMS-15,3.590498659517425,416,304
127,Indian Oil Corpation Limited,CEMS-16,0.4206710726995597,565,155
128,Indian Oil Corpation Limited,CEMS-17,10.505892198581506,450,270
129,Indian Oil Corpation Limited,CEMS-18,1.049603773584903,138,582
130,Indian Oil Corpation Limited,CEMS-19,0.9914228033070581,567,153
131,Indian Oil Corpation Limited,CEMS-2,0.6240357741755177,234,486
132,Indian Oil Corpation Limited,CEMS-21,2.2305164954029135,371,349
133,Indian Oil Corpation Limited,CEMS-22,1.5937641071033464,500,220
134,Indian Oil Corpation Limited,CEMS-3,0.27188188629350735,571,149
135,Indian Oil Corpation Limited,CEMS-4,0.20663980042218105,550,170
136,Indian Oil Corpation Limited,CEMS-5,0.4159104078448825,553,167
137,Indian Oil Corpation Limited,CEMS-6,0.9993393904978524,567,153
138,Indian Oil Corpation Limited,CEMS-7,29.84283493013969,472,248
139,Indian Oil Corpation Limited,CEMS-9,35.45887399463805,87,633
140,JK Paper LTD,CEMS-1,33.1334238603295,572,148
141,JK Paper LTD,CEMS-2,30.50364667304283,571,149
142,JK Paper LTD,CEMS-3,27.103818254817984,205,515
143,Jai Balaji Jyoti Steels Limited,CEMS-1,10.053453777335967,499,221
144,Jai Balaji Jyoti Steels Limited,CEMS-2,40.442525125628165,647,73
145,Jay Jagannath Steel and Power Limited,CEMS-1,68.10225669358258,235,485
146,Jay Jagannath Steel and Power Limited,CEMS-2,59.22492624050061,220,500
147,Jindal India Thermal Power Ltd,CEMS-1,37.95697716894979,246,474
148,Jindal India Thermal Power Ltd,CEMS-2,44.65263496143961,517,203
149,Jindal Stainless Ltd,CEMS-1,38.34499358809952,525,195
150,Jindal Stainless Ltd,CEMS-3,41.58282091503226,528,192
151,Jindal Stainless Ltd,CEMS-4,42.93951149425289,528,192
152,Jindal Stainless Ltd,CEMS-5,36.69954924056804,566,154
153,Jindal Stainless Ltd,CEMS-6,10.539024390243924,563,157
154,Jindal Stainless Ltd,CEMS-7,25.493390428211566,558,162
155,Jindal Stainless Ltd,CEMS-8,37.73436062815493,516,204
156,Jindal Steel and Power Limited,CEMS-1,38.87182772700699,589,131
157,Jindal Steel and Power Limited,CEMS-10,8.964332599926673,591,129
158,Jindal Steel and Power Limited,CEMS-12,34.43287780738489,580,140
159,Jindal Steel and Power Limited,CEMS-15,1.3728259430840706,189,531
160,Jindal Steel and Power Limited,CEMS-2,21.481703686739397,443,277
161,Jindal Steel and Power Limited,CEMS-21,17.694732334047107,100,620
162,Jindal Steel and Power Limited,CEMS-22,31.806389618922424,272,448
163,Jindal Steel and Power Limited,CEMS-23,60.77280780487803,544,176
164,Jindal Steel and Power Limited,CEMS-25,35.86391989895709,525,195
165,Jindal Steel and Power Limited,CEMS-26,0.9835008415484251,524,196
166,Jindal Steel and Power Limited,CEMS-27,39.393576479197954,523,197
167,Jindal Steel and Power Limited,CEMS-28,4.069628757050054,513,207
168,Jindal Steel and Power Limited,CEMS-29,1.0,526,194
169,Jindal Steel and Power Limited,CEMS-3,24.63472940708325,588,132
170,Jindal Steel and Power Limited,CEMS-30,17.672181577787587,525,195
171,Jindal Steel and Power Limited,CEMS-33,0.30999999999986527,526,194
172,Jindal Steel and Power Limited,CEMS-34,0.0,517,203
173,Jindal Steel and Power Limited,CEMS-35,22.951327925369252,523,197
174,Jindal Steel and Power Limited,CEMS-36,0.0,524,196
175,Jindal Steel and Power Limited,CEMS-37,0.1249326332071501,526,194
176,Jindal Steel and Power Limited,CEMS-4,53.18876195682069,406,314
177,Jindal Steel and Power Limited,CEMS-5,40.78796815769406,533,187
178,Jindal Steel and Power Limited,CEMS-6,43.05470600632079,582,138
179,Jindal Steel and Power Limited,CEMS-7,40.93434588977532,589,131
180,Jindal Steel and Power Limited,CEMS-8,13.338108308604939,588,132
181,Jindal Steel and Power Ltd,CEMS-1,27.00872208436724,565,155
182,Jindal Steel and Power Ltd,CEMS-2,8.887582007952268,562,158
183,Kamal Jeet Singh Ahluwalia,CEMS-1,39.74219622641541,543,177
184,Kamal Jeet Singh Ahluwalia,CEMS-2,40.41322042467238,542,178
185,Kamal Jeet Singh Ahluwalia,Stack-3,48.25120266323829,512,208
186,Kapilas Cement Manufacturing Works (A unit of OCL India Ltd),CEMS-1,10.625514455782296,526,194
187,Karakola Sponge Iron Ltd.,CEMS-1,65.05818136020154,564,156
188,Karakola Sponge Iron Ltd.,CEMS-2,48.58845938375348,550,170
189,Kaushal Ferrometals Pvt. Ltd.,CEMS-1,21.16706482055241,625,95
190,Khedaria Ispat Ltd.,CEMS-1,36.657334363696656,509,211
191,L N Metallics Ltd,CEMS-1,20.956973745571133,472,248
192,MGM Minerals Limited (Steel Division),CEMS-1,87.66223867892373,588,132
193,MSP Sponge Iron Limited,CEMS-1,16.982240853658542,108,612
194,MSP Sponge Iron Limited,CEMS-2,24.34239837398373,81,639
195,MSP Sponge Iron Limited,CEMS-3,26.259269406392654,109,611
196,Maa Shakumbari Sponge Pvt. Ltd.,CEMS-1,3.6260605216006474,502,218
197,Mahakali Ispat Pvt. Ltd,CEMS-1,0.8547469925529948,262,458
198,Maithan Ispat Limited,CEMS-1,16.988745964737934,562,158
199,Maithan Ispat Limited,CEMS-2,27.12364632627642,566,154
200,Mayur Electro Ceramics Pvt. Ltd.,CEMS-1,10.712232893157267,104,616
201,Mayur Electro Ceramics Pvt. Ltd.,CEMS-2,243.84650326797376,44,676
202,Meta Sponge Pvt. Ltd.,CEMS-1,30.751973567018418,564,156
203,Mideast Integrated Steels Ltd.,CEMS-1,138.59402045793888,527,193
204,Mideast Integrated Steels Ltd.,CEMS-2,0.0,527,193
205,Mideast Integrated Steels Ltd.,CEMS-3,0.08968512710465502,526,194
206,N. K. Bhojani Pvt. Ltd.,CEMS-1,97.45638468778071,363,357
207,"NALCO Ltd.,Captive Power Plant",CEMS-1,57.080222672065275,551,169
208,"NALCO Ltd.,Captive Power Plant",CEMS-10,34.89882726119262,590,130
209,"NALCO Ltd.,Captive Power Plant",CEMS-2,43.160291162071815,440,280
210,"NALCO Ltd.,Captive Power Plant",CEMS-3,40.26209306970188,549,171
211,"NALCO Ltd.,Captive Power Plant",CEMS-4,62.59272353161265,561,159
212,"NALCO Ltd.,Captive Power Plant",CEMS-5,50.05536231884056,108,612
213,"NALCO Ltd.,Captive Power Plant",CEMS-6,64.87224443434849,154,566
214,"NALCO Ltd.,Captive Power Plant",CEMS-8,41.70434714864448,309,411
215,"NALCO Ltd.,Captive Power Plant",CEMS-9,41.83127024390136,592,128
216,"NALCO Ltd.,Refinery",CEMS-1,28.12850601353016,660,60
217,"NALCO Ltd.,Refinery",CEMS-2,38.321298379294305,665,55
218,"NALCO Ltd.,Refinery",CEMS-4,491.5733257331036,625,95
219,"NALCO Ltd.,Refinery",CEMS-5,58.17317863954315,635,85
220,"NALCO Ltd.,Refinery",CEMS-6,80.05309084699441,538,182
221,"NALCO Ltd.,Refinery",CEMS-7,29.24204755027177,674,46
222,"NALCO Ltd.,Refinery",CEMS-9,44.29102251406434,638,82
223,"NALCO Ltd.,Smelter Plant",CEMS-10,0.044093161546085655,537,183
224,"NALCO Ltd.,Smelter Plant",CEMS-11,20.91409950032581,552,168
225,"NALCO Ltd.,Smelter Plant",CEMS-2,6.449847328244273,150,570
226,"NALCO Ltd.,Smelter Plant",CEMS-4,5.1330645763344425,591,129
227,"NALCO Ltd.,Smelter Plant",CEMS-5,11.244395501405787,379,341
228,"NALCO Ltd.,Smelter Plant",CEMS-6,26.83832024432812,413,307
229,"NALCO Ltd.,Smelter Plant",CEMS-7,37.15493856520039,555,165
230,"NALCO Ltd.,Smelter Plant",CEMS-8,20.631702544031324,512,208
231,"NALCO Ltd.,Smelter Plant",CEMS-9,14.657627462340708,535,185
232,NTPC Limited (TSTPS),CEMS-3,64.99500290191529,590,130
233,NTPC Limited (TSTPS),CEMS-5,37.80548298249044,589,131
234,NTPC Limited (TSTPS),CEMS-6,46.528982232522054,590,130
235,NTPC Limited (TTPS),CEMS-4,61.45367278468515,578,142
236,NTPC Limited (TTPS),CEMS-6,54.11054256485177,591,129
237,NTPC Limited (TTPS),UNIT-1,52.57300485575564,595,125
238,Narbheram Power and Steel Pvt. Ltd.,CEMS-1,44.86077796206576,608,112
239,Nava Bharat Ventures Ltd,CEMS-1,33.313169398906425,155,565
240,Nava Bharat Ventures Ltd,CEMS-2,15.04789782886357,598,122
241,Neelachal Ispat Nigam Limited,CEMS-3,3.9124666666666204,227,493
242,Neelachal Ispat Nigam Limited,CEMS-4,26.189105263157895,103,617
243,"OCL India Ltd,Cement Unit",CEMS--9,12.142676232665805,521,199
244,"OCL India Ltd,Cement Unit",CEMS-1,15.598059192580575,522,198
245,"OCL India Ltd,Cement Unit",CEMS-10,16.28648091310302,519,201
246,"OCL India Ltd,Cement Unit",CEMS-2,9.780643794423156,521,199
247,"OCL India Ltd,Cement Unit",CEMS-3,9.681131557264441,521,199
248,"OCL India Ltd,Cement Unit",CEMS-4,4.47723800330944,521,199
249,"OCL India Ltd,Cement Unit",CEMS-5,14.413215175851535,520,200
250,"OCL India Ltd,Cement Unit",CEMS-6,14.741549295774714,521,199
251,"OCL India Ltd,Cement Unit",CEMS-7,15.319668729176637,520,200
252,"OCL India Ltd,Cement Unit",CEMS-8,5.020737681018478,520,200
253,Odisha Power Generation Corporation LTD,CEMS-1,84.53890875191861,575,145
254,Odisha Power Generation Corporation LTD,CEMS-2,86.40867183352793,646,74
255,Patnaik Minerals Pvt. Ltd.,CEMS-1,0.0,526,194
256,Patnaik Minerals Pvt. Ltd.,CEMS-2,0.0,180,540
257,Patnaik Steels and Alloys Ltd.,CEMS-1,58.89071306887322,567,153
258,Penguine Trading and Agencies Ltd(Seven Star),CEMS-1,87.02675280898865,281,439
259,Penguine Trading and Agencies Ltd(Seven Star),CEMS-2,127.75679079956,281,439
260,Pooja Sponge Pvt. Ltd.,CEMS-1,24.27729249581175,526,194
261,Pooja Sponge Pvt. Ltd.,CEMS-2,211.0,2,718
262,R. B. Sponge Pvt. Ltd.,CEMS-1,38.229797487421855,491,229
263,Reliable Sponge Pvt. Ltd. (Bonai Unit),CEMS-1,8.645614292443314,671,49
264,Reliable Sponge Pvt. Ltd.(KALUNGA),CEMS-1,20.92736359075147,527,193
265,Rexon Strips Ltd.,CEMS-1,21.97722751733785,662,58
266,Rourkela Steel Plant,CEMS-1,34.633322243786694,595,125
267,Rourkela Steel Plant,CEMS-10,28.738942700634926,652,68
268,Rourkela Steel Plant,CEMS-11,40.91778988798061,198,522
269,Rourkela Steel Plant,CEMS-12,12.585198975390457,617,103
270,Rourkela Steel Plant,CEMS-13,48.607881668442346,675,45
271,Rourkela Steel Plant,CEMS-14,48.4523401988634,145,575
272,Rourkela Steel Plant,CEMS-15,54.28065177793585,675,45
273,Rourkela Steel Plant,CEMS-16,68.95657241777306,659,61
274,Rourkela Steel Plant,CEMS-17,26.711073053892505,675,45
275,Rourkela Steel Plant,CEMS-18,41.951741950609666,676,44
276,Rourkela Steel Plant,CEMS-19,48.997416466827474,675,45
277,Rourkela Steel Plant,CEMS-2,41.65904011224793,675,45
278,Rourkela Steel Plant,CEMS-20,10.97835576073073,544,176
279,Rourkela Steel Plant,CEMS-3,12.689311793214362,675,45
280,Rourkela Steel Plant,CEMS-4,46.215726270768556,675,45
281,Rourkela Steel Plant,CEMS-5,26.13754887465103,674,46
282,Rourkela Steel Plant,CEMS-6,26.292035465871695,495,225
283,Rourkela Steel Plant,CEMS-7,31.15704534755993,673,47
284,Rourkela Steel Plant,CEMS-8,24.913664055700558,674,46
285,Rourkela Steel Plant,CEMS-9,14.943124210526484,263,457
286,Rungta Mines Limited,CEMS-1,57.0690703161871,527,193
287,Rungta Mines Limited,CEMS-2,50.26064661994103,550,170
288,Rungta Mines Limited,CEMS-3,32.63200823643414,533,187
289,Rungta Mines Limited,CEMS-4,40.14167997097237,634,86
290,Rungta Mines Limited,CEMS-5,33.61030398832679,469,251
291,SMC Power Generation Limited,CEMS-2,89.63529254557638,526,194
292,Sakthi Sugars Limited,CEMS-1,67.96362944162426,103,617
293,Sakthi Sugars Limited (Distillery),CEMS-1,0.26850132625994716,420,300
294,Samaleswari Ferro Metals Ltd,CEMS-1,416.1660183591502,220,500
295,Scan Steels Limited (Unit-2),CEMS-1,25.470875313426145,498,222
296,Scan Steels Limited (Unit-2),CEMS-2,54.717765632943554,482,238
297,Scan Steels Limited (Unit-2),CEMS-3,88.29085606060629,477,243
298,Scan Steels Limited (Unit-I),CEMS-1,35.461731073804195,577,143
299,Seeta Integrated Steel and Energy Ltd.,CEMS-1,3.7471242666287843,525,195
300,Seeta Integrated Steel and Energy Ltd.,CEMS-2,1.0018758000684027,572,148
301,Sesa Sterlite Ltd (IPP),CEMS-2,7.75599281791314,382,338
302,Sesa Sterlite Ltd (IPP),CEMS-3,42.68515885947113,402,318
303,Sesa Sterlite Ltd (IPP),CEMS-4,35.5778167529227,512,208
304,Sesa Sterlite Ltd (Smelter and CPP),CEMS-10,4.165730960581718,430,290
305,Sesa Sterlite Ltd (Smelter and CPP),CEMS-11,2.67820194465222,662,58
306,Sesa Sterlite Ltd (Smelter and CPP),CEMS-12,2.9751888584089348,380,340
307,Sesa Sterlite Ltd (Smelter and CPP),CEMS-13,2.0079064258216985,664,56
308,Sesa Sterlite Ltd (Smelter and CPP),CEMS-14,0.5913405681455445,585,135
309,Sesa Sterlite Ltd (Smelter and CPP),CEMS-15,6.33874140752865,580,140
310,Sesa Sterlite Ltd (Smelter and CPP),CEMS-16,10.234,5,715
311,Sesa Sterlite Ltd (Smelter and CPP),CEMS-17,8.335708661417327,59,661
312,Sesa Sterlite Ltd (Smelter and CPP),CEMS-18,7.15,2,718
313,Sesa Sterlite Ltd (Smelter and CPP),CEMS-2,5.960239901578938,415,305
314,Sesa Sterlite Ltd (Smelter and CPP),CEMS-20,5.77809782608696,37,683
315,Sesa Sterlite Ltd (Smelter and CPP),CEMS-21,9.794730964467007,186,534
316,Sesa Sterlite Ltd (Smelter and CPP),CEMS-22,11.891830687830693,188,532
317,Sesa Sterlite Ltd (Smelter and CPP),CEMS-29,13.668787878787874,35,685
318,Sesa Sterlite Ltd (Smelter and CPP),CEMS-3,21.831579551981562,464,256
319,Sesa Sterlite Ltd (Smelter and CPP),CEMS-4,32.963624431220474,533,187
320,Sesa Sterlite Ltd (Smelter and CPP),CEMS-5,35.536697031040305,567,153
321,Sesa Sterlite Ltd (Smelter and CPP),CEMS-6,40.28507887517085,537,183
322,Sesa Sterlite Ltd (Smelter and CPP),CEMS-7,42.43005807994506,543,177
323,Sesa Sterlite Ltd (Smelter and CPP),CEMS-8,20.46466401796518,536,184
324,Sesa Sterlite Ltd (Smelter and CPP),CEMS-9,29.922377715138364,540,180
325,Sesa Sterlite Ltd (Smelter and CPP),CPP,19.054820143884882,31,689
326,Shiv Mettalicks (P) Ltd,CEMS-2,53.23767981545425,598,122
327,Shiva Cement Ltd.,CEMS-1,15.229035454809559,178,542
328,Shiva Cement Ltd.,stack-2,20.10068855974233,526,194
329,Shiva Cement Ltd.,stack-3,18.23260043272414,192,528
330,Shiva Cement Ltd.,stack-4,0.0,2,718
331,Shree Ganesh Metalics(Kuarmunda),CEMS-3,47.162941319428974,671,49
332,Shree Hari Sponge Pvt. Ltd.,CEMS-1,66.80983530584433,448,272
333,Shri Hardev Steels Pvt. Ltd,CEMS-1,30.49113584930702,524,196
334,Shri Jagannath Steels and Power Ltd.,CEMS-2,0.08182622268470456,562,158
335,Shri Mahavir Ferro Alloys Pvt. Ltd.,CEMS-1,26.379790365197888,672,48
336,Shri Mahavir Ferro Alloys Pvt. Ltd.,CEMS-2,1.0,309,411
337,Shri Mahavir Ferro Alloys Pvt. Ltd.,CEMS-3,36.05316948898667,525,195
338,Shri Mahavir Ferro Alloys Pvt. Ltd.,CEMS-4,30.23958988430766,331,389
339,Shyam Metalics and Energy Ltd,CEMS-2,24.843596042306313,428,292
340,Shyam Metalics and Energy Ltd,CEMS-3,6.743749238269327,664,56
341,Shyam Metalics and Energy Ltd,CEMS-4,6.2912811059908025,668,52
342,Shyam Metalics and Energy Ltd,CEMS-6,12.446164087202423,622,98
343,Shyam Metalics and Energy Ltd,CEMS-7,8.96444874600229,621,99
344,Shyam Metalics and Energy Ltd,CEMS-8,5.187594099694865,622,98
345,Shyam Metalics and Energy Ltd,CEMS-9,55.656095269490805,576,144
346,Sponge Udyog Pvt. Ltd.,CEMS-1,19.84303938084765,669,51
347,Sree Metaliks Ltd,CEMS-1,55.400249768310886,564,156
348,Sree Metaliks Ltd,CEMS-2,29.50758525571131,505,215
349,Sree Metaliks Ltd,CEMS-4,330.7888888888889,5,715
350,Sree Metaliks Ltd,CEMS-5,810981.237592397,32,688
351,Sri Balaji Metallics Pvt. Ltd.,CEMS-1,44.508128911850584,395,325
352,Sumrit Metaliks Pvt. Ltd.,CEMS-1,81.69170875873209,474,246
353,Suraj Products Pvt. Ltd.,CEMS - 2,45.86218179693782,388,332
354,Suraj Products Pvt. Ltd.,CEMS-1,23.523922277767046,642,78
355,Surendra Mining Industries (P) Ltd.,CEMS-1,223.61180327868817,122,598
356,Surendra Mining Industries (P) Ltd.,CEMS-2,49.08189717477014,593,127
357,Swastik Ispat Pvt. Ltd.,CEMS-1,22.370832640042458,442,278
358,Swastik Ispat Pvt. Ltd.,CEMS-2,1.0,471,249
359,TATA STEEL KALINGANAGAR,CEMS-,15.087880763856527,566,154
360,TATA STEEL KALINGANAGAR,CEMS-1,31.159815048339894,553,167
361,TATA STEEL KALINGANAGAR,CEMS-10,30.315539959248355,551,169
362,TATA STEEL KALINGANAGAR,CEMS-11,11.455567567567567,60,660
363,TATA STEEL KALINGANAGAR,CEMS-13,2.970296064729658,567,153
364,TATA STEEL KALINGANAGAR,CEMS-14,1.280386740331472,566,154
365,TATA STEEL KALINGANAGAR,CEMS-15,6.1304716073147185,416,304
366,TATA STEEL KALINGANAGAR,CEMS-16,7.3469634146341365,557,163
367,TATA STEEL KALINGANAGAR,CEMS-2,2.1483452176053013,404,316
368,TATA STEEL KALINGANAGAR,CEMS-3,41.76717754172993,565,155
369,TATA STEEL KALINGANAGAR,CEMS-4,11.455567567567567,60,660
370,TATA STEEL KALINGANAGAR,CEMS-5,15.517459792905903,447,273
371,TATA STEEL KALINGANAGAR,CEMS-6,7.381190530912408,560,160
372,TATA STEEL KALINGANAGAR,CEMS-7,11.19968365129191,564,156
373,TATA STEEL KALINGANAGAR,CEMS-8,13.221630784459318,566,154
374,TATA STEEL KALINGANAGAR,CEMS-9,16.897032674772035,567,153
375,TRChemicals Ltd.,CEMS-1,17.844297595815718,671,49
376,Tata Sponge Iron Ltd,CEMS-1,38.26735053110724,488,232
377,Tata Sponge Iron Ltd,CEMS-2,42.02596567622945,557,163
378,Tata Sponge Iron Ltd,CEMS-3,45.253689345991454,546,174
379,Thakur Prasad Sao and Sons Pvt. Ltd.,CEMS-1,1.0,576,144
380,Thakur Prasad Sao and Sons Pvt. Ltd.,CEMS-2,21.254537860826648,455,265
381,Times Steel and Power Pvt. Ltd.,CEMS-1,45.416229287953755,300,420
382,Toshali Cement Private Limited,CEMS-1,6.052503112032577,348,372
383,UltraTech Cement Ltd.,CEMS-1,6.9375770853618866,514,206
384,UltraTech Cement Ltd.,CEMS-2,11.102614929726862,514,206
385,Utkal Alumina International Ltd,CEMS-1,0.19165919825606978,667,53
386,Utkal Alumina International Ltd,CEMS-2,44.5815455284041,659,61
387,Utkal Alumina International Ltd,CEMS-3,40.43051142481209,669,51
388,Utkal Alumina International Ltd,CEMS-4,24.630334806957553,658,62
389,Utkal Alumina International Ltd,CEMS-5,11.754994983770972,662,58
390,Utkal Metallics Limited,CEMS-1,27.75778263382884,526,194
391,VISA SunCoke Limited,CEMS-1,58.0098097826087,62,658
392,VISA SunCoke Limited,CEMS-2,82.43241098440785,561,159
393,VasundharaMetaliksPvt.Ltd.,CEMS-1,44.6,5,715
394,VasundharaMetaliksPvt.Ltd.,CEMS-2,45.95250072742758,347,373
395,Vedanta Ltd.,CEMS-1,74.17685577819184,651,69
396,Viraj Steel and Energy Ltd.,CEMS-1,1.0948142968143029,668,52
397,Viraja Steel & Power Private Limited,CEMS-1,13.128259513161563,587,133
398,Visa Steel Limited,CEMS-1,50.52040216550657,317,403
399,Visa Steel Limited,CEMS-2,83.45625146885989,351,369
400,Visa Steel Limited,CEMS-3,13.523333333333333,3,717
401,Visa Steel Limited,CEMS-4,57.83879745081733,512,208
402,Visa Steel Limited,CEMS-5,10.767548509228563,210,510
403,Vishal Metallics Pvt Ltd,CEMS-1,151.28226449024774,642,78
404,Yazdani Steel and Power Limited,CEMS-1,131.79784590560737,571,149
405,Yazdani Steel and Power Limited,CEMS-2,15.351329164985922,571,149
